Model,Admiration,Adoration,Aesthetic Appreciation,Amusement,Anger,Anxiety,Awe,Awkwardness,Boredom,Calmness,Concentration,Confusion,Contemplation,Contempt,Contentment,Craving,Desire,Determination,Disappointment,Disgust,Distress,Doubt,Ecstasy,Embarrassment,Empathic Pain,Entrancement,Envy,Excitement,Fear,Guilt,Horror,Interest,Joy,Love,Nostalgia,Pain,Pride,Realization,Relief,Romance,Sadness,Satisfaction,Shame,Surprise (negative),Surprise (positive),Sympathy,Tiredness,Triumph
async_ai_excitement_voice1,0.060462276761730514,0.03406303593267997,0.021875385505457718,0.09497263779242833,0.014711698594813546,0.07503863361974557,0.05412673453489939,0.0900682161251704,0.11506684900571902,0.0332044263680776,0.07616433439155419,0.04431421682238579,0.12968691438436508,0.025911416858434677,0.07909583797057469,0.01551557743611435,0.00891929647574822,0.048770527044932045,0.23905628671248755,0.034952976003599666,0.08842941435674827,0.13805646946032843,0.016755220014601946,0.07051108653346698,0.024931397289037704,0.018457656105359394,0.01122148676464955,0.08267321437597275,0.01619455497711897,0.025321889979143936,0.011993584921583533,0.0754184660812219,0.05164494148145119,0.031006303771088522,0.06070994042480985,0.03080765375246604,0.016870078941186268,0.3405297100543976,0.054750762258966766,0.018380473367869854,0.07343545493980248,0.07822284661233425,0.023336621622244518,0.27454378937060636,0.20817632228136063,0.02119980814556281,0.05697350359211365,0.015400519284109274
async_ai_excitement_voice2,0.05151781905442476,0.028037918731570244,0.023175416824718315,0.05825278970102469,0.01996660294632117,0.04908039607107639,0.03684579518934091,0.06178948407371839,0.0644685725371043,0.05576460715383291,0.15587778948247433,0.047391318793719016,0.12822482859094939,0.02658988954499364,0.08448717867334683,0.019026357602948945,0.010012008094539246,0.09084590896964073,0.2200502653916677,0.03127789280066887,0.06474796620508035,0.12845209830751023,0.013676448414723078,0.057070727149645485,0.02495220551888148,0.015221570152789354,0.01583482262988885,0.042599749440948166,0.009872593451291323,0.023670042244096596,0.0076698481958980365,0.03368472121655941,0.027143675833940506,0.029652169595162075,0.07133853233729799,0.02729577524587512,0.03316610865294933,0.3312517652908961,0.04268033243715763,0.01674807568391164,0.08073071297258139,0.08124126866459846,0.020122476542989414,0.28398290866365034,0.19096793048083782,0.023630255833268166,0.05353996530175209,0.017027295815447967
async_ai_excitement_voice3,0.05572905717417598,0.03553989871094624,0.018006904050707817,0.04297461857398351,0.034905674091229834,0.18054247833788395,0.09987662173807621,0.0561061774690946,0.04619775619357824,0.02383123415832718,0.054201227302352585,0.08722598354021709,0.11660132184624672,0.02134327885384361,0.052438351015249886,0.01198630128055811,0.01437963816958169,0.05287628745039304,0.2921148569633563,0.024287096185920138,0.211532694598039,0.14732881045589843,0.02195331547409296,0.07655127346515656,0.04172676460196575,0.022472850357492764,0.01577007568751772,0.07183653488755226,0.054968432212869324,0.05616141056331495,0.02836089814081788,0.07196184992790222,0.04305267954866091,0.02958439492310087,0.039337493324031435,0.05321233502278725,0.013223461030671993,0.33400657773017883,0.06448199475804965,0.024037417334814865,0.15067663850883642,0.049449535086750984,0.034334423408533134,0.29969477901856106,0.25504977566500503,0.024425095568100613,0.09680211000765364,0.013003512596090635
async_ai_excitement_voice4,0.05776070989668369,0.04270228029539188,0.0196835786725084,0.06421794245640437,0.01745183129484455,0.11260206376512845,0.07423029777904351,0.07066088231901328,0.05484669407208761,0.044061751725773014,0.043638485173384346,0.0830980371683836,0.10514502724011739,0.02286239170158903,0.06639474413047235,0.007055951127161582,0.00943029299378395,0.03927389904856682,0.27474222145974636,0.025970871017004054,0.13310557107130686,0.15058491316934428,0.015595912157247463,0.09371925455828507,0.03818548905352751,0.021251651148001354,0.016032271397610504,0.051986269652843475,0.036919718608260155,0.03678071700657407,0.02328302206782003,0.08197641621033351,0.047312689324220024,0.029808808428545792,0.044318209402263165,0.0306799899165829,0.016297833994030952,0.28601189454396564,0.06374268978834152,0.028367918605605762,0.07872201005617778,0.05355444519470135,0.025243224576115608,0.2791240078707536,0.17865832522511482,0.038893441980083786,0.08203926465163629,0.010957186110317707
cartesia_excited_barber,0.07893311294416587,0.05427717169125875,0.039803786824146904,0.11918054707348347,0.022230840908984344,0.09702058384815852,0.189915107563138,0.05468733857075373,0.007680873076121013,0.019408170289049547,0.06038351605335871,0.056771183076004185,0.06571480818092823,0.0191453630104661,0.07701593078672886,0.010723134657988945,0.014021703973412514,0.07933687170346577,0.16461352072656155,0.017291695655634005,0.10119700928529103,0.09897016982237498,0.03679738426581025,0.07538085679213206,0.028915537521243095,0.019228956196457148,0.017915251664817333,0.1758729958285888,0.031128671020269394,0.03848426261295875,0.0130322544525067,0.1395235781868299,0.051921085764964424,0.028257176900903385,0.03198477781067292,0.01950797097136577,0.043768235792716347,0.2746530498067538,0.08808260038495064,0.030703755095601082,0.0403561865290006,0.06901078422864278,0.023030287586152554,0.29259131848812103,0.4638806463529666,0.024707261938601732,0.01414925962065657,0.02382061506311099
cartesia_excitement_voice1,0.0547461356036365,0.032548106741160154,0.01603346038609743,0.1058167852461338,0.033514995127916336,0.10144544020295143,0.07800616696476936,0.050679467618465424,0.00449296017177403,0.005541474558413029,0.02328862063586712,0.0491407485678792,0.05534798838198185,0.013641285710036755,0.0748229706659913,0.0033039022237062454,0.004678346449509263,0.08040050975978374,0.1798204556107521,0.013697007205337286,0.0945579819381237,0.08451193384826183,0.01292169257067144,0.08033877704292536,0.021999504417181015,0.005328173283487558,0.013060676632449031,0.12984278053045273,0.020350835751742125,0.018324175383895636,0.01099184574559331,0.06496183760464191,0.03930522594600916,0.025915758917108178,0.026131339371204376,0.013995318207889795,0.04263798240572214,0.3202926851809025,0.07376125827431679,0.007940747309476137,0.02106661908328533,0.07167868316173553,0.014838847797363997,0.2186915334314108,0.3326089233160019,0.011399983894079924,0.013726067263633013,0.031574346125125885
cartesia_excitement_voice2,0.031760528683662415,0.0257467453678449,0.013673550138870874,0.0625605434179306,0.07840356106559436,0.13411166022221246,0.12458277493715286,0.03787860957284769,0.003165624977555126,0.004555424733553082,0.01612009333136181,0.1131218175093333,0.018701196609375376,0.023132995547105868,0.026727030131344993,0.004607254716878136,0.007826587030043205,0.08677519811317325,0.18813816582163176,0.023175509025653202,0.19508017102877298,0.10262337668488423,0.016379795347650845,0.04895211259524027,0.0397728548074762,0.010116491777201494,0.031019462272524834,0.12494464715321858,0.04872759866217772,0.02235612040385604,0.03735144902020693,0.06472821906208992,0.03503144159913063,0.020399244424576562,0.013332894537597895,0.023606320998320978,0.030550525058060884,0.22952753057082495,0.03193774943550428,0.01414250023663044,0.048684264378001295,0.04753184815247854,0.01386360777541995,0.4256671940286954,0.4028206914663315,0.028077015769667923,0.011327696110432347,0.02466921865319212
cartesia_excitement_voice3,0.04304510448127985,0.018964190501719713,0.011632869485765696,0.07220608368515968,0.11109170224517584,0.133914764970541,0.07908947393298149,0.05847862362861633,0.0038662938168272376,0.004045962356030941,0.020032623782753944,0.13343096990138292,0.03178159799426794,0.03343923715874553,0.04610889544710517,0.004495399305596948,0.002737030037678778,0.09499771893024445,0.3394191339612007,0.02666033897548914,0.16804345324635506,0.10418435279279947,0.01259872317314148,0.08833983168005943,0.019636429846286774,0.0044039469212293625,0.01633596234023571,0.1572512462735176,0.024943936616182327,0.025739260017871857,0.016322762239724398,0.07547466550022364,0.0306368600577116,0.011023876024410129,0.023306047776713967,0.026539459358900785,0.027999907732009888,0.40258559584617615,0.04747571051120758,0.007324751932173967,0.029212577734142542,0.05341227911412716,0.02098165638744831,0.46120774932205677,0.392549566924572,0.011314533650875092,0.015433483989909291,0.015362043865025043
deepgram_excitement_voice1,0.052042687932650246,0.05399614727745453,0.023542537043492,0.08524482076366742,0.06803387558708589,0.17750722418228784,0.10425117736061414,0.06812088067332904,0.005974718369543552,0.0037785149179399014,0.03556781619166335,0.07851662114262581,0.046324824914336205,0.03181548432136575,0.028041283910473187,0.010467025451362133,0.008892534611125788,0.06024769072731336,0.26700011268258095,0.034631404016787805,0.26827077319224674,0.08671406097710133,0.02001068089157343,0.11808141320943832,0.06154343237479528,0.013639980461448431,0.017926035448908806,0.0962174932161967,0.039398614006737866,0.06374609656631947,0.0181841179728508,0.07568010253210862,0.03943530097603798,0.042507010512053967,0.0291185825287054,0.056178025901317596,0.016853260342031717,0.2840236847599347,0.03974164463579655,0.026704938150942326,0.10317828971892595,0.03399045579135418,0.03580595894406239,0.30598913381497067,0.3267067888130744,0.04714777320623398,0.033062142319977283,0.016344739434619743
deepgram_excitement_voice2,0.048236824261645474,0.04623825786014398,0.020650692284107208,0.09464644268155098,0.023222172322372597,0.1955001192788283,0.15753287076950073,0.06802394799888134,0.01248058925072352,0.006387303117662668,0.03920377387354771,0.09493947960436344,0.06013477655748526,0.015213191819687685,0.038879030384123325,0.012221137682596842,0.010165577909598747,0.04796635607878367,0.2332548809548219,0.01938810075322787,0.2553833896915118,0.09323415470619996,0.04088165486852328,0.12915196704367796,0.053870704025030136,0.017863979407896597,0.015700808726251125,0.16718113174041113,0.03765256889164448,0.058088211342692375,0.02791645222653945,0.09487759942809741,0.07741734261314075,0.035749944858253,0.028777744931479294,0.05980347469449043,0.014454292754332224,0.34339332580566406,0.0624715027709802,0.026147010425726574,0.14588961377739906,0.04860922942558924,0.035725569973389305,0.3168403245508671,0.3594016842544079,0.03473098700245222,0.03715805523097515,0.02494379971176386
deepgram_excitement_voice3,0.07124112581368536,0.04964338173158467,0.026958399917930365,0.05026084836572409,0.09734432585537434,0.0992752865422517,0.12138350587338209,0.045147095108404756,0.020421333494596183,0.019141093362122774,0.05339523416478187,0.0729676604969427,0.059303092770278454,0.058379273395985365,0.03373729926533997,0.005237908975686878,0.013406114769168198,0.11027490522246808,0.24059960525482893,0.05920253577642143,0.18020891910418868,0.09261905867606401,0.02867384161800146,0.039026914397254586,0.032845076406374574,0.036136947805061936,0.022255833260715008,0.05198384542018175,0.03086722851730883,0.019071466464083642,0.04215140291489661,0.060442292131483555,0.04909962462261319,0.024755723716225475,0.021213301748503,0.023768086452037096,0.018848576699383557,0.257759315893054,0.043292129412293434,0.017263495130464435,0.08602322940714657,0.05006741941906512,0.015721902484074235,0.37588168727234006,0.21171373594552279,0.031188502674922347,0.03104531264398247,0.01961932418635115
deepgram_excitement_voice4,0.045202601701021194,0.026783190667629242,0.022402373142540455,0.08956541741887729,0.055451516062021255,0.16144331730902195,0.0614381538083156,0.07622307663162549,0.009586863219738007,0.03039858133221666,0.07682082429528236,0.08074792039891084,0.10665474521617095,0.04752954747527838,0.04157794204850992,0.00551971048116684,0.0076678596281756954,0.13869393865267435,0.20470145593086878,0.03143743332475424,0.20314973903199038,0.11167129874229431,0.01383192619929711,0.06541368489464124,0.052167147397994995,0.013908746341864267,0.017456496755282085,0.0736954299112161,0.03500205713013808,0.031979766208678484,0.019236294863124687,0.09703121458490689,0.04251222498714924,0.016227931560327608,0.030999793360630672,0.043515724750856556,0.02833300766845544,0.2822647939125697,0.037617857257525124,0.013006736524403095,0.07712412842859824,0.04674185502032439,0.029224747326225042,0.2904369408885638,0.20418853933612505,0.04380142533530792,0.02194564153129856,0.019289727322757244
dupdub_excited,0.07772467068086068,0.08072086330503225,0.02401186836262544,0.13715952386458716,0.1325384130080541,0.1375324328740438,0.1790872241059939,0.05237828226139148,0.002986189133177201,0.000698103957499067,0.006130200422679384,0.07204845733940601,0.0072233605509003,0.02551085005203883,0.02866329997777939,0.008076224476099014,0.005377463685969512,0.08244676391283672,0.17430736062427363,0.023016594505558412,0.24978365500768027,0.04528876471643647,0.22986736396948496,0.06561217767496903,0.01806631963700056,0.019820989730457466,0.01999145094305277,0.6266873280207316,0.024282973259687424,0.0235726247386386,0.020876692607998848,0.09004109042386214,0.19230631118019423,0.038352800998836756,0.010596953565254807,0.03154659147063891,0.0512220182766517,0.32888222734133404,0.04050341248512268,0.016790574106077354,0.027913459111005068,0.080070611089468,0.019453440870468814,0.31391305352250737,0.5221150467793146,0.007361313017706077,0.009487784196001789,0.12242660112679005
dupdub1_excited,0.052444437673936285,0.06356554850935936,0.019099903758615255,0.06266452744603157,0.14915123333533606,0.19353688259919485,0.12311297406752904,0.04594023680935303,0.004173733012673135,0.001393604577363779,0.007417417868661384,0.08179643812278907,0.011332460523893436,0.04420743122075995,0.01803691390280922,0.014810807052223632,0.005567861798529823,0.042437855154275894,0.33469997594753903,0.08449737975994746,0.42175790170828503,0.04238732469578584,0.05586527846753597,0.08477558568120003,0.063301765670379,0.015635935744891565,0.03177800650397936,0.20755323767662048,0.05281773706277212,0.04497407842427492,0.04444971897949775,0.03248224842051665,0.06682097197820742,0.04871976476473113,0.022461720237818856,0.09085392858833075,0.019532947956273954,0.3378402267893155,0.022513117641210556,0.02235482322673003,0.12554297782480717,0.03631020709872246,0.035683666821569204,0.37665723140041035,0.3089340602358182,0.026702587803204853,0.024098138324916363,0.03526825395723184
elevenlabs_excitement_voice1,0.07971907686442137,0.06014989549294114,0.025981663493439555,0.07359785214066505,0.0920006797532551,0.12430682987906039,0.21290056500583887,0.040862070163711905,0.0054028134036343545,0.0024651801795698702,0.024961814866401255,0.07138287802808918,0.015747693309094757,0.029391498668701388,0.04790163040161133,0.008832842577248812,0.005315419373800978,0.07827622117474675,0.20434922160347924,0.032097914612677414,0.24186976725468412,0.054946697113336995,0.08249083301052451,0.07384070308762603,0.02886033704635338,0.018292437540367246,0.023104542633518577,0.44076504558324814,0.0361830776091665,0.037351073158788495,0.017521562287583947,0.11278301943093538,0.15943366615101695,0.020607591839507222,0.01447532163001597,0.03957762086429284,0.03338051354512572,0.22695547807961702,0.05094135645776987,0.013740145019255579,0.04721068899380043,0.07289836695417762,0.021272334022796713,0.25086503074271604,0.43420495092868805,0.017880889670777833,0.022703289258060977,0.04116393672302365
elevenlabs_excitement_voice2,0.0482969107106328,0.02715464246769746,0.019181467903157074,0.08898331721623738,0.070868369191885,0.19480451693137488,0.09454219229519367,0.05487501621246338,0.007887491102640828,0.0033812602826704583,0.03683356412996849,0.045008691027760506,0.026749501936137676,0.02064958307892084,0.03372887677202622,0.010545110873257121,0.006938485118250052,0.11534086242318153,0.24337385222315788,0.019774154604723055,0.2749572644631068,0.045720413948098816,0.03574287270506223,0.09734133755167325,0.03281712097426256,0.01271895132958889,0.011726868649323782,0.26990731060504913,0.045743122696876526,0.053138261971374355,0.019538840899864834,0.0865437351167202,0.044962406158447266,0.01811547965432207,0.03145148636152347,0.08197718175748984,0.023282865062355995,0.18134364734093347,0.044981966416041054,0.012101406386742989,0.10780834406614304,0.04378826233247916,0.035909398924559355,0.24209641634176174,0.2504589259624481,0.015313176748653253,0.0425531684110562,0.025767465432484944
elevenlabs_excitement_voice3,0.05077771097421646,0.03726463671773672,0.021381692960858345,0.182427316904068,0.10133465006947517,0.17281213402748108,0.15036291256546974,0.072599689476192,0.0031919494504109025,0.0021088995854370296,0.024064091965556145,0.0796585544012487,0.013133092783391476,0.02151831006631255,0.03777958173304796,0.007696296786889434,0.006406641798093915,0.15535759180784225,0.23586009442806244,0.0159111930988729,0.21310102939605713,0.06336960289627314,0.05389232933521271,0.08020003139972687,0.02510233735665679,0.009613456204533577,0.03261526953428984,0.4692820981144905,0.04132901318371296,0.019743595272302628,0.019072748720645905,0.13901595957577229,0.0977073423564434,0.0193012822419405,0.04418923053890467,0.0476263880264014,0.0474434532225132,0.1922191083431244,0.03377453237771988,0.01128452643752098,0.042388021014630795,0.06863532401621342,0.019902439787983894,0.3666527811437845,0.505377933382988,0.012740776175633073,0.012534563662484288,0.05438906140625477
elevenlabs_excitement_voice4,0.0329501461237669,0.03451075373838345,0.01723547000437975,0.17057056352496147,0.09904705981413524,0.16809901595115662,0.1231078381339709,0.05136953325321277,0.004482618688295285,0.0018177171587012708,0.017794074025005102,0.035555271742244564,0.012625049023578564,0.02348381405075391,0.01940222457051277,0.004819063314547141,0.006818176091959079,0.06892432769139607,0.2303232637544473,0.027645744383335114,0.24474049607912698,0.03181345434859395,0.08673697213331859,0.0621664064625899,0.041778040739397206,0.013932110120852789,0.016292090217272442,0.45782239735126495,0.05054057762026787,0.025623237403730553,0.023537977288166683,0.0675320519755284,0.11050264661510785,0.014426367357373238,0.018992375892897446,0.06227347441017628,0.02089217957109213,0.2357532406846682,0.04590673868854841,0.008898238961895307,0.07616503350436687,0.0473931593199571,0.028886301908642054,0.29013809251288575,0.42316777383287746,0.018616631161421537,0.025223117942611378,0.04093830970426401
google_gemini_excitement_voice1,0.05480501614511013,0.07200531847774982,0.01406748779118061,0.2985861301422119,0.06918668374419212,0.13281551375985146,0.16750947758555412,0.04538831394165754,0.001448330469429493,0.0016792710521258414,0.008913422643672675,0.06507363729178905,0.00631484150653705,0.014201133511960506,0.029354832135140896,0.004440939635969698,0.008469589054584503,0.04169425740838051,0.20227079093456268,0.027280266862362623,0.19461560994386673,0.029482697136700153,0.047241076827049255,0.07806399278342724,0.04874151013791561,0.01228827890008688,0.02928250003606081,0.3645562082529068,0.035719250328838825,0.025479216128587723,0.02406373992562294,0.10167836025357246,0.10930154472589493,0.05015720333904028,0.02738655381835997,0.045110571663826704,0.03004264272749424,0.35584207624197006,0.05702322907745838,0.02685946226119995,0.060410495032556355,0.07795727998018265,0.012646512128412724,0.41563319228589535,0.5790561884641647,0.027277364628389478,0.01995845348574221,0.03937768004834652
google_gemini_excitement_voice2,0.04281071666628122,0.048393614590168,0.010157762560993433,0.10941713862121105,0.10998503863811493,0.20401812344789505,0.27250104397535324,0.023014290258288383,0.001089568017050624,0.000486843942780979,0.002771570929326117,0.060650656931102276,0.0039026610320433974,0.01258435845375061,0.02571058366447687,0.006348749157041311,0.005828109220601618,0.048185836523771286,0.1984788030385971,0.025189300999045372,0.308004230260849,0.0365655105561018,0.06165364570915699,0.07708809338510036,0.030459683388471603,0.010461819358170033,0.026283075101673603,0.44407640397548676,0.03679145500063896,0.026456473395228386,0.030465650372207165,0.07974874507635832,0.09507792815566063,0.03918823134154081,0.01152225793339312,0.04427938349545002,0.03863934567198157,0.36668024584650993,0.0325781861320138,0.014507738407701254,0.04382772510871291,0.057436371222138405,0.014423553366214037,0.38841830007731915,0.6145579516887665,0.014137661550194025,0.008741532103158534,0.03732866980135441
google_gemini_excitement_voice3,0.06011979281902313,0.07526590923468272,0.021349505831797917,0.09300448000431061,0.03161703422665596,0.1447896659374237,0.17497005065282187,0.031480626513560615,0.0029320629158367715,0.0027662940168132386,0.016051259047041338,0.06342116246620814,0.01805357278014223,0.009111799610157808,0.03810396154100696,0.016573842770109575,0.006779100668306152,0.04841225780546665,0.1625076507528623,0.018956244612733524,0.22861688335736594,0.06878334594269593,0.048028901840249695,0.05684582951168219,0.06722976764043172,0.017464028360943,0.018589545662204426,0.23226756850878397,0.03779426527520021,0.03972406002382437,0.023650179306666057,0.08347677687803905,0.08286418827871482,0.0478375805541873,0.023439101797218125,0.044800590723752975,0.024977517624696095,0.2612428143620491,0.041780199855566025,0.02245886903256178,0.07488294752935569,0.05317573497692744,0.02189487436165412,0.290829894443353,0.37230780969063443,0.050408873707056046,0.023670853426059086,0.022212620824575424
google_gemini_excitement_voice4,0.04679607320576906,0.06414016708731651,0.01426574308425188,0.17744284495711327,0.10383096802979708,0.17195091396570206,0.17073843255639076,0.030152278020977974,0.0012809536419808865,0.0009175619343295693,0.004458881332539022,0.04932370502501726,0.004066395573318005,0.015153984073549509,0.030247081071138382,0.006118096178397536,0.005519669270142913,0.06108349189162254,0.17636941373348236,0.03826351976022124,0.21070818603038788,0.033290383871644735,0.0726360734552145,0.0735405795276165,0.046207427978515625,0.011148662306368351,0.021701116114854813,0.4196355938911438,0.039090659469366074,0.02884636167436838,0.03591288113966584,0.07944529037922621,0.1682717129588127,0.045201556757092476,0.014599138172343373,0.042766744270920753,0.04027883615344763,0.2337617129087448,0.06277408264577389,0.020105423405766487,0.0546724833548069,0.09166215360164642,0.015462527051568031,0.3430676683783531,0.5352290123701096,0.025796263944357634,0.008334949146956205,0.03540279529988766
hume_excitement_voice1,0.09387013874948025,0.05079270526766777,0.01752125797793269,0.08980732783675194,0.017328262329101562,0.0377826769836247,0.051754046231508255,0.03353927284479141,0.011775749269872904,0.02403252851217985,0.07251143082976341,0.025045116199180484,0.036361632868647575,0.018458737060427666,0.08048728853464127,0.0029561615083366632,0.007225056411698461,0.08813617378473282,0.14124027639627457,0.01384960557334125,0.05009580496698618,0.07317079929634929,0.01068930234760046,0.07533347280696034,0.015531797427684069,0.008264618460088968,0.03193928278051317,0.059820953756570816,0.010925038368441164,0.013094852096401155,0.004490012885071337,0.041215527802705765,0.05558275990188122,0.030581052182242274,0.032713876105844975,0.010406325571238995,0.051255399361252785,0.27288491278886795,0.06376410834491253,0.020264919381588697,0.030056902207434177,0.11849615350365639,0.009739844594150782,0.15089111775159836,0.1893414631485939,0.016726083355024457,0.013996054185554385,0.024690872989594936
hume_excitement_voice2,0.0647836597636342,0.03076828084886074,0.012931035831570625,0.1236642561852932,0.07776963710784912,0.11904301401227713,0.07177924551069736,0.05616497527807951,0.0028806510381400585,0.003342828480526805,0.024605238810181618,0.07446829415857792,0.026419745292514563,0.023377675563097,0.04937536641955376,0.006122056860476732,0.006754294969141483,0.1325751133263111,0.2016335465013981,0.02340740617364645,0.15045809745788574,0.08914501313120127,0.02590753836557269,0.09570363396778703,0.020853633992373943,0.006681303959339857,0.018408214673399925,0.18584704399108887,0.02375005348585546,0.017850319389253855,0.012385768350213766,0.06478464044630527,0.06243147607892752,0.02163746440783143,0.024783790577203035,0.014593943953514099,0.07545396871864796,0.30389244854450226,0.05944113805890083,0.012547971680760384,0.022908990271389484,0.1239190325140953,0.017793082864955068,0.20574341341853142,0.31916292011737823,0.01774563523940742,0.009775431826710701,0.053656892850995064
hume_excitement_voice3,0.060350640676915646,0.037129451520740986,0.012546155601739883,0.10378525219857693,0.23023643344640732,0.18305184692144394,0.10416361317038536,0.04187287110835314,0.001789479167200625,0.001421380671672523,0.017041219398379326,0.08313486445695162,0.007597247022204101,0.04118211753666401,0.02541161421686411,0.00418169260956347,0.004783471231348813,0.13075124099850655,0.29680030792951584,0.043307037092745304,0.33268211781978607,0.04967772634699941,0.02949771098792553,0.08831479027867317,0.03180392645299435,0.00894924346357584,0.04002998862415552,0.23246228694915771,0.04162314720451832,0.020635674707591534,0.03809602605178952,0.049349840730428696,0.058002143166959286,0.022320711286738515,0.0180175993591547,0.032847392372787,0.061058047227561474,0.3726765587925911,0.03478119149804115,0.012247446924448013,0.044392160372808576,0.07941046729683876,0.018433503340929747,0.4491586033254862,0.44909846037626266,0.021076990058645606,0.006113173789344728,0.04653281159698963
hume_excitement_voice4,0.042730161687359214,0.024337125476449728,0.0102577512152493,0.13044093921780586,0.37280067801475525,0.11506836861371994,0.0870306771248579,0.03967144060879946,0.0013302397856023163,0.0011649522639345378,0.0165590881370008,0.07136354688555002,0.005983033683151007,0.08087322860956192,0.019308235496282578,0.00416516768746078,0.009330751257948577,0.20479615405201912,0.3266841024160385,0.08503525145351887,0.30324587225914,0.03516182512976229,0.03412360418587923,0.07988585531711578,0.038247399032115936,0.008080487605184317,0.05301378760486841,0.2596147507429123,0.028689812403172255,0.016323421150445938,0.029701658058911562,0.03901648707687855,0.04613846447318792,0.018623260781168938,0.007301629986613989,0.02327930647879839,0.06224580481648445,0.3582373559474945,0.025792918633669615,0.010670316871255636,0.0354839451611042,0.05715824104845524,0.022412702441215515,0.3733261413872242,0.3981296494603157,0.022688556695356965,0.006787881720811129,0.06781768053770065
hume_excitement_voice5,0.0617528697475791,0.02769041247665882,0.011568761896342039,0.19320625811815262,0.12236619740724564,0.08158148592337966,0.07382158003747463,0.060221594758331776,0.002564612776041031,0.0032441234216094017,0.022086973767727613,0.07207097788341343,0.010913282167166471,0.05196511931717396,0.04504917375743389,0.0020704197231680155,0.005660705966874957,0.1590421348810196,0.23303208127617836,0.046123186592012644,0.15476390346884727,0.07461259909905493,0.03832170320674777,0.09471842320635915,0.01414218032732606,0.006115974159911275,0.029402604792267084,0.22214169055223465,0.02317631000187248,0.01218460057862103,0.017470610880991444,0.0317787304520607,0.11592055577784777,0.020565948681905866,0.013821744360029697,0.015312612988054752,0.12329073436558247,0.40046294033527374,0.030390401370823383,0.010006764903664589,0.012897933833301067,0.11274601705372334,0.01607518084347248,0.39757284009829164,0.3940942585468292,0.00932277855463326,0.007658363552764058,0.10077523440122604
hume_excitement_voice6,0.06795444712042809,0.03316029626876116,0.017360784579068422,0.14643073081970215,0.07869000919163227,0.1442526187747717,0.14380833879113197,0.053968971595168114,0.0020422127563506365,0.0042401819955557585,0.018695473205298185,0.08386152051389217,0.019727804698050022,0.020318733528256416,0.05970967561006546,0.007705508032813668,0.009403868578374386,0.18079331889748573,0.20393503457307816,0.019712618552148342,0.22772053256630898,0.08912163483910263,0.03607801906764507,0.09883487317711115,0.023323687259107828,0.009903612546622753,0.027039170265197754,0.29880357533693314,0.03282847302034497,0.02149099111557007,0.02099415089469403,0.06905519030988216,0.09496640041470528,0.025842153001576662,0.019587522838264704,0.015828503761440516,0.0537414625287056,0.39969854056835175,0.060199517756700516,0.01648158486932516,0.035502091981470585,0.12386668473482132,0.020986652933061123,0.38097249530255795,0.6326922327280045,0.02253072103485465,0.00612520519644022,0.08416022174060345
lmnt_excitement_voice1,0.02789705153554678,0.021453851833939552,0.013230618555098772,0.11667372100055218,0.06358516588807106,0.13219008967280388,0.07125634141266346,0.0820238059386611,0.008943144232034683,0.013246515765786171,0.04128647968173027,0.08487788587808609,0.04411699250340462,0.03836366627365351,0.05398868303745985,0.0043509508250281215,0.008955813944339752,0.09571129456162453,0.2628244571387768,0.03953227028250694,0.1459651105105877,0.095078413374722,0.011032146867364645,0.10000901482999325,0.045104481279850006,0.008727979846298695,0.02198066469281912,0.09034643694758415,0.026348804589360952,0.025065098889172077,0.0184416847769171,0.04419021960347891,0.035404021851718426,0.013441307004541159,0.044335028156638145,0.03576204553246498,0.036890579387545586,0.3978860192000866,0.06992809474468231,0.01305739814415574,0.05285519827157259,0.07297106087207794,0.02621030155569315,0.3586414158344269,0.262653348967433,0.022977179381996393,0.0272673643194139,0.023957635276019573
lmnt_excitement_voice2,0.037452582269907,0.02252091094851494,0.011087848339229822,0.07124037854373455,0.045642312383279204,0.0975826047360897,0.04007843788713217,0.07862072624266148,0.02916819415986538,0.03721512854099274,0.08099635317921638,0.07378320186398923,0.05674471706151962,0.034100544173270464,0.056861563585698605,0.00432260986417532,0.00871975114569068,0.10670679248869419,0.27674851939082146,0.031784257385879755,0.10607848316431046,0.13678376004099846,0.005347350146621466,0.10294757410883904,0.03162350691854954,0.0059071797877550125,0.023694981820881367,0.044543405529111624,0.02693072333931923,0.015191401820629835,0.01660096360137686,0.03724879864603281,0.020047827623784542,0.014546851627528667,0.04818068025633693,0.02165753673762083,0.028859788551926613,0.31439073011279106,0.03442372381687164,0.015035907737910748,0.048612152226269245,0.07242815010249615,0.023386845365166664,0.3229138618335128,0.17234641686081886,0.019065522123128176,0.028820526786148548,0.013130245264619589
lmnt_excitement_voice3,0.02289354708045721,0.015705698635429144,0.009540733881294727,0.06892896443605423,0.08787797298282385,0.2078283354640007,0.06872652657330036,0.08464537374675274,0.0043100579641759396,0.006138069787994027,0.02742701768875122,0.12841937225311995,0.03737376071512699,0.027512728236615658,0.02845478616654873,0.004059815430082381,0.004641998501028866,0.07166222855448723,0.2917866036295891,0.037790481466799974,0.25919120758771896,0.16391379293054342,0.011168823577463627,0.09166101273149252,0.04655463062226772,0.006682871840894222,0.015754585154354572,0.09363204427063465,0.061003454960882664,0.02874127309769392,0.02932717022486031,0.046623531728982925,0.027789476327598095,0.013701248914003372,0.028696592431515455,0.03410952724516392,0.019776221830397844,0.3176269941031933,0.022239396814256907,0.008854178478941321,0.08226582780480385,0.03469337150454521,0.030190477147698402,0.3959050541743636,0.2816336117684841,0.030039336532354355,0.01247217203490436,0.016417245846241713
lmnt_excitement_voice4,0.042876724153757095,0.025859852321445942,0.016248280182480812,0.07470843940973282,0.020795637043192983,0.08600402623414993,0.07690966408699751,0.07104516495019197,0.018687423318624496,0.04747792147099972,0.0842311829328537,0.05953614553436637,0.09204294718801975,0.012812724336981773,0.1455320157110691,0.006224462762475014,0.00733654631767422,0.09764144197106361,0.18343911971896887,0.015792413847520947,0.09335523843765259,0.13986930809915066,0.010798205621540546,0.09058145293965936,0.020513296127319336,0.007836708566173911,0.017489873804152012,0.08794630877673626,0.030762922018766403,0.028706049546599388,0.012008528399746865,0.06024826131761074,0.04476524330675602,0.01915479637682438,0.03527921810746193,0.015857075341045856,0.04398875031620264,0.3583395667374134,0.057481424883008,0.01022076141089201,0.041485282592475414,0.10728744603693485,0.019944022875279188,0.2941699638031423,0.3185676410794258,0.01560157723724842,0.021430071908980608,0.02294083032757044
murf_ai_excitement_voice1,0.04635290351385871,0.038581891606251396,0.02453599063058694,0.14347492158412933,0.035177224315702915,0.07721393058697383,0.07047260676821072,0.06138101095954577,0.014516018020610014,0.016958880548675854,0.046428965870290995,0.09913769861062367,0.07827882158259551,0.03256741678342223,0.07585237702975671,0.014173466945067048,0.010368038279314836,0.042194257179896034,0.2651415541768074,0.03107394161634147,0.10395023288826148,0.12412643898278475,0.02040398307144642,0.0721392606695493,0.03272334237893423,0.01387161094074448,0.02684088299671809,0.09170809512337048,0.0159079988176624,0.027396605194856722,0.00696187427577873,0.08606807887554169,0.05935731654365858,0.029766542837023735,0.04461180830063919,0.03672308583433429,0.02664434436398248,0.27090218663215637,0.05574007953206698,0.02018542339404424,0.050271296252806984,0.06964465541144212,0.025401070015504956,0.3065021426106493,0.2773762842019399,0.027407025607923668,0.03286051517352462,0.020371203776448965
murf_ai_excitement_voice2,0.0912155940507849,0.08158243137101333,0.04169833908478419,0.21676951150099436,0.028760837158188224,0.05543131303663055,0.11272721489270528,0.05515771141896645,0.013975009244556228,0.013278652758647999,0.0657641909395655,0.04110596957616508,0.05766196238497893,0.023652559456725914,0.09485523961484432,0.01851349137723446,0.017392479193707306,0.06726640587051709,0.16048681115110716,0.020801660139113665,0.09469318545113008,0.06038382230326533,0.04756947606801987,0.05467209576939543,0.022277420697112877,0.02328202687203884,0.036072687401125826,0.19992325206597647,0.0138152763635541,0.019663998430284362,0.008239393083689114,0.10683892667293549,0.13651365165909132,0.06410276548316081,0.06645289311806361,0.022182716289535165,0.042130813313027225,0.2711030567685763,0.04973074669639269,0.045833579575022064,0.03855674729372064,0.10065192232529323,0.020576348062604666,0.27894469785193604,0.4342903246482213,0.018856875287989776,0.02652006906767686,0.03225682986279329
noiz_excited_yilin,0.032431724946945906,0.03174410481005907,0.008783175610005856,0.2744898051023483,0.028432607650756836,0.11170295625925064,0.06094437371939421,0.039037223905324936,0.0026222877204418182,0.0027619905886240304,0.018009780789725482,0.02368710469454527,0.010340992477722466,0.010969578754156828,0.035263460129499435,0.0037432521348819137,0.003349108388647437,0.06457219272851944,0.11829207465052605,0.01225367747247219,0.14563435688614845,0.023677977733314037,0.055165281519293785,0.06974293850362301,0.02560254093259573,0.005474396515637636,0.01272858353331685,0.3456405997276306,0.042650772258639336,0.015072202309966087,0.021639675833284855,0.0388867249712348,0.14312971383333206,0.019093357026576996,0.034362916834652424,0.05108565278351307,0.051640420220792294,0.1890935841947794,0.09167346730828285,0.007875597104430199,0.05037102196365595,0.10861096903681755,0.01896096020936966,0.21469969861209393,0.32778917625546455,0.010370183503255248,0.01547617232427001,0.054816367104649544
rime_excitement_0,0.05669503100216389,0.037117875181138515,0.012237567454576492,0.09163741767406464,0.017819795291870832,0.09695415943861008,0.10552499257028103,0.07546781748533249,0.01818443601951003,0.035025184974074364,0.08063764590770006,0.05832306365482509,0.072315264493227,0.022582308622077107,0.050879545509815216,0.0025580525398254395,0.008104956010356545,0.06413291580975056,0.2581547573208809,0.02181682805530727,0.13153136894106865,0.16515572648495436,0.012494506780058146,0.12210475653409958,0.047618282958865166,0.012602529022842646,0.017875129356980324,0.0488126240670681,0.022756292717531323,0.028216403909027576,0.016239315213169903,0.044369399547576904,0.03079133853316307,0.0325436694547534,0.04488780675455928,0.02817133627831936,0.03018954023718834,0.2755667194724083,0.06145574524998665,0.025389116257429123,0.0757991774007678,0.05921718664467335,0.02782153943553567,0.30395304365083575,0.3004876095801592,0.04262820538133383,0.030835112556815147,0.02700669690966606
rime_excitement_1,0.03991555484632651,0.03297316779692968,0.022571793912599485,0.12235155577460925,0.04453140993913015,0.1293589478979508,0.10144354651371638,0.11189161924024423,0.01630295968304078,0.01867009497558077,0.072772901194791,0.12242736543218295,0.0619370061904192,0.032464279482762017,0.04750290016333262,0.005534627009183168,0.010134106346716484,0.06933807333310445,0.15819640705982843,0.03768336167559028,0.19667742339273295,0.1598988970120748,0.021976418793201447,0.1317376128087441,0.049303616397082806,0.01921237896506985,0.021156385230521362,0.1027487429479758,0.04083689364294211,0.05295332847163081,0.023504697640116017,0.0965049813191096,0.05122644795725743,0.017187362381567556,0.029905073034266632,0.051413221284747124,0.026447996652374666,0.32051581889390945,0.06775761768221855,0.014291932806372643,0.07303034064049523,0.06276985754569371,0.0352685935019205,0.28831403081615764,0.31823093506197137,0.04171858634799719,0.04747561815505227,0.02099538625528415
rime_excitement_2,0.07851079385727644,0.05910037085413933,0.01767035759985447,0.1855124831199646,0.031603782437741756,0.06457897648215294,0.11263208463788033,0.06937101855874062,0.011648050509393215,0.006637322483584285,0.03138765227049589,0.042899808613583446,0.024574072565883398,0.02639114111661911,0.06919698975980282,0.002673828974366188,0.008273206418380141,0.07516823709011078,0.23284883424639702,0.030367050785571337,0.07523585110902786,0.08710992988198996,0.0289673013612628,0.10123448818922043,0.02198354620486498,0.011662750970572233,0.02646576426923275,0.15700234845280647,0.015911218710243702,0.021456968039274216,0.011095978727098554,0.04587306175380945,0.08475849125534296,0.04438840737566352,0.0496137160807848,0.02201514784246683,0.08206503745168447,0.3066526595503092,0.040063582360744476,0.025882632937282324,0.03501520026475191,0.08998517133295536,0.020641622599214315,0.3200552980415523,0.41921886056661606,0.016285994555801153,0.022492602467536926,0.04407532326877117
rime_excitement_3,0.04870379281540712,0.03257665286461512,0.012855928391218185,0.0700578602651755,0.03620514661694566,0.06757499401768048,0.06251980705807607,0.04757681923607985,0.02239487258096536,0.01992581474284331,0.029922196990810335,0.0611914013667653,0.04075841174926609,0.02079105532417695,0.034103022733082376,0.002924240892753005,0.008752628229558468,0.0414362462858359,0.139602762957414,0.05546257784590125,0.11469648778438568,0.09286735703547795,0.007585888107617696,0.05300391713778178,0.024390218158562977,0.007600963891794284,0.014477675159772238,0.03688904829323292,0.042438526482631765,0.0182354807232817,0.04082455121291181,0.024311328306794167,0.027582788839936256,0.02108774644633134,0.028624343685805798,0.028663241614898045,0.021211051614955068,0.17961815434197584,0.026059521983067196,0.009582036485274633,0.05452647743125757,0.03758455409357945,0.01765988239397605,0.2960029432239632,0.17609791147212187,0.013250300039847692,0.037880977926154934,0.01077806514998277
